model,accuracy,macro_f1,weighted_f1
lightgbm,0.5661764705882353,0.5656694095620812,0.5660368961309252
xgboost,0.5625,0.561484188213753,0.561894537362223
random_forest,0.5596719457013575,0.5582844692942597,0.5587103694269533
logistic_regression,0.5305429864253394,0.5292852900156845,0.5297091550157577
decision_tree,0.47539592760180993,0.4752218516668542,0.4755022397637597
